1001-03-050;Kinex 1001-03-050;8595604700019;667
1001-03-100;Kinex 1001-03-100;8595604700026;1333
1001-03-150;Kinex 1001-03-150;8595604700033;2870
1001-03-200;Kinex 1001-03-200;8595604700040;5128
1001-02-030;Kinex 1001-02-030;8595604716164;485
1001-02-050;Kinex 1001-02-050;8595604716171;512
1001-02-100;Kinex 1001-02-100;8595604716188;1044
1001-02-150;Kinex 1001-02-150;8595604716195;2369
1001-02-200;Kinex 1001-02-200;8595604716201;3825
1001-03-030;Kinex 1001-03-030;8595604716218;582
1001-03-050;Kinex 1001-03-050;8595604716225;615
1001-03-100;Kinex 1001-03-100;8595604716232;1252
1001-03-150;Kinex 1001-03-150;8595604716249;2844
1001-03-200;Kinex 1001-03-200;8595604716256;4590
1001-05-030;Kinex 1001-05-030;8595604716263;727
1001-05-050;Kinex 1001-05-050;8595604716270;768
1001-05-100;Kinex 1001-05-100;8595604716287;1566
1001-05-150;Kinex 1001-05-150;8595604716294;3555
1001-05-200;Kinex 1001-05-200;8595604716300;5737
1007-03-030;Kinex 1007-03-030;8595604700057;590
1007-03-050;Kinex 1007-03-050;8595604700064;644
1007-03-100;Kinex 1007-03-100;8595604700071;1448
1007-03-150;Kinex 1007-03-150;8595604700088;2854
1007-03-200;Kinex 1007-03-200;8595604700095;4494
1007-02-030;Kinex 1007-02-030;8595604716317;469
1007-02-050;Kinex 1007-02-050;8595604716324;536
1007-02-100;Kinex 1007-02-100;8595604716331;1135
1007-02-150;Kinex 1007-02-150;8595604716348;2274
1007-02-200;Kinex 1007-02-200;8595604716355;3289
1007-03-030;Kinex 1007-03-030;8595604716362;563
1007-03-050;Kinex 1007-03-050;8595604716379;644
1007-03-100;Kinex 1007-03-100;8595604716386;1361
1007-03-150;Kinex 1007-03-150;8595604716393;2729
1007-03-200;Kinex 1007-03-200;8595604716409;3947
1007-05-030;Kinex 1007-05-030;8595604716416;703
1007-05-050;Kinex 1007-05-050;8595604716423;805
1007-05-100;Kinex 1007-05-100;8595604716430;1701
1007-05-150;Kinex 1007-05-150;8595604716447;3410
1007-05-200;Kinex 1007-05-200;8595604716454;5618
1007-1;Kinex 1007-1;8595604713149;98
1008-1;Kinex 1008-1;8595604712647;132
1009-1;Kinex 1009-1;8595604712654;202
1012-03-050;Kinex 1012-03-050;8595604700101;563
1012-03-100;Kinex 1012-03-100;8595604700118;1159
1012-03-150;Kinex 1012-03-150;8595604700125;2247
1012-03-200;Kinex 1012-03-200;8595604700132;4189
1012-03-300;Kinex 1012-03-300;8595604704024;6901
1012-03-400;Kinex 1012-03-400;8595604704031;9823
1012-03-500;Kinex 1012-03-500;8595604704048;14355
1012-02-030;Kinex 1012-02-030;8595604716461;413
1012-02-050;Kinex 1012-02-050;8595604716478;421
1012-02-100;Kinex 1012-02-100;8595604716485;899
1012-02-150;Kinex 1012-02-150;8595604716492;1756
1012-02-200;Kinex 1012-02-200;8595604716508;3491
1012-02-300;Kinex 1012-02-300;8595604716515;5751
1012-02-400;Kinex 1012-02-400;8595604716522;8186
1012-02-500;Kinex 1012-02-500;8595604716539;11963
1012-03-030;Kinex 1012-03-030;8595604716546;495
1012-03-050;Kinex 1012-03-050;8595604716553;563
1012-03-100;Kinex 1012-03-100;8595604716560;1078
1012-03-150;Kinex 1012-03-150;8595604716577;2107
1012-03-200;Kinex 1012-03-200;8595604716584;4189
1012-03-300;Kinex 1012-03-300;8595604716591;6901
1012-03-400;Kinex 1012-03-400;8595604716607;9823
1012-03-500;Kinex 1012-03-500;8595604716614;14355
1012-05-030;Kinex 1012-05-030;8595604716621;618
1012-05-050;Kinex 1012-05-050;8595604716638;703
1012-05-100;Kinex 1012-05-100;8595604716645;1348
1012-05-150;Kinex 1012-05-150;8595604716652;2634
1012-05-200;Kinex 1012-05-200;8595604716669;5236
1012-05-300;Kinex 1012-05-300;8595604716676;8625
1012-05-400;Kinex 1012-05-400;8595604716683;12278
1012-05-500;Kinex 1012-05-500;8595604716690;17944
1012-03-024;Kinex 1012-03-024;8595604717468;1183
1012-03-040;Kinex 1012-03-040;8595604717475;1828
1017;Kinex 1017;8595604700149;47
1018;Kinex 1018;8595604700156;73
1019;Kinex 1019;8595604700163;255
1020;Kinex 1020;8595604700170;472
1021;Kinex 1021;8595604700187;638
1022-02-030;Kinex 1022-02-030;8595604714931;102
1022-02-050;Kinex 1022-02-050;8595604714948;219
1022-02-100;Kinex 1022-02-100;8595604714955;500
1022-0;Kinex 1022-0;8595604704055;58
1022-1;Kinex 1022-1;8595604704062;69
1022;Kinex 1022;8595604700194;92
1023;Kinex 1023;8595604700200;156
1024;Kinex 1024;8595604700217;474
1025;Kinex 1025;8595604700224;1193
1026;Kinex 1026;8595604700231;1535
1027;Kinex 1027;8595604713392;874
1028;Kinex 1028;8595604713408;1509
1029;Kinex 1029;8595604700248;1231
1030;Kinex 1030;8595604700255;2410
1031;Kinex 1031;8595604700262;3628
1032;Kinex 1032;8595604700279;5773
1035;Kinex 1035;8595604700286;981
1036;Kinex 1036;8595604700293;2046
1037;Kinex 1037;8595604700309;2958
1038;Kinex 1038;8595604700316;4502
1039-10;Kinex 1039-10;8595604709685;2156
1039-11;Kinex 1039-11;8595604709692;2943
1039-12;Kinex 1039-12;8595604709708;4390
1039-13;Kinex 1039-13;8595604709715;7158
1039-14;Kinex 1039-14;8595604715549;12447
1039-20;Kinex 1039-20;8595604709722;1246
1039-21;Kinex 1039-21;8595604709739;1828
1039-22;Kinex 1039-22;8595604709746;2314
1039-23;Kinex 1039-23;8595604709753;3981
1039-24;Kinex 1039-24;8595604715556;7381
1039-30;Kinex 1039-30;8595604709760;728
1039-31;Kinex 1039-31;8595604709777;1191
1039-32;Kinex 1039-32;8595604709784;1336
1039-33;Kinex 1039-33;8595604709791;2449
1039-34;Kinex 1039-34;8595604709807;3298
1039-35;Kinex 1039-35;8595604709814;7137
1039-50;Kinex 1039-50;8595604712487;7394
1039-55;Kinex 1039-55;8595604712494;9387
1039-60;Kinex 1039-60;8595604712500;11845
1039-65;Kinex 1039-65;8595604712517;18070
1039-70;Kinex 1039-70;8595604712524;28780
1061-02-075;Kinex 1061-02-075;8595604704666;401
1061-02-100;Kinex 1061-02-100;8595604704673;451
1061-02-125;Kinex 1061-02-125;8595604704680;529
1061-02-150;Kinex 1061-02-150;8595604704697;647
1061-02-200;Kinex 1061-02-200;8595604704703;749
1061-02-300;Kinex 1061-02-300;8595604704710;967
1061-02-400;Kinex 1061-02-400;8595604704727;1872
1061-02-500;Kinex 1061-02-500;8595604704734;2804
1061-02-600;Kinex 1061-02-600;8595604709821;3940
1061-02-700;Kinex 1061-02-700;8595604711688;7005
1061-02-075;Kinex 1061-02-075;8595604716713;401
1061-02-100;Kinex 1061-02-100;8595604716720;451
1061-02-125;Kinex 1061-02-125;8595604716737;529
1061-02-150;Kinex 1061-02-150;8595604716744;647
1061-02-200;Kinex 1061-02-200;8595604716751;749
1061-02-300;Kinex 1061-02-300;8595604716768;967
1061-02-400;Kinex 1061-02-400;8595604716775;1872
1061-02-500;Kinex 1061-02-500;8595604716782;2804
1061-02-600;Kinex 1061-02-600;8595604716799;3940
1061-02-700;Kinex 1061-02-700;8595604716805;7005
1041-0;Kinex 1041-0;8595604704079;2461
1041-1;Kinex 1041-1;8595604704086;4475
1041-2;Kinex 1041-2;8595604704116;7734
1041-3;Kinex 1041-3;8595604704147;12634
1041-4;Kinex 1041-4;8595604704178;22357
1041-5;Kinex 1041-5;8595604704192;67808
1041-52;Kinex 1041-52;8595604713415;111989
1041-6;Kinex 1041-6;8595604704215;177698
1041-7;Kinex 1041-7;8595604704222;317089
1041-10;Kinex 1041-10;8595604704093;2194
1041-20;Kinex 1041-20;8595604704123;4356
1041-30;Kinex 1041-30;8595604704154;5627
1041-41;Kinex 1041-41;8595604704185;7623
1041-51;Kinex 1041-51;8595604704208;10658
1042-02-060;Kinex 1042-02-060;8595604704239;7751
1042-02-080;Kinex 1042-02-080;8595604704246;12739
1042-02-100;Kinex 1042-02-100;8595604704253;22992
1042-02-030;Kinex 1042-02-030;8595604716812;7108
1042-02-040;Kinex 1042-02-040;8595604716829;7500
1042-02-060;Kinex 1042-02-060;8595604716836;7751
1042-02-080;Kinex 1042-02-080;8595604716843;12739
1042-02-100;Kinex 1042-02-100;8595604716850;22992
1042-02-150;Kinex 1042-02-150;8595604716867;74468
1042-02-160;Kinex 1042-02-160;8595604716874;80811
1042-02-200;Kinex 1042-02-200;8595604716881;144270
1042-02-250;Kinex 1042-02-250;8595604716898;200605
1042-12-060;Kinex 1042-12-060;8595604704109;4235
1042-12-080;Kinex 1042-12-080;8595604704130;5929
1042-12-100;Kinex 1042-12-100;8595604704161;6534
1042-12-030;Kinex 1042-12-030;8595604716904;3388
1042-12-040;Kinex 1042-12-040;8595604716911;3751
1042-12-060;Kinex 1042-12-060;8595604716928;4235
1042-12-080;Kinex 1042-12-080;8595604716935;5929
1042-12-100;Kinex 1042-12-100;8595604716942;6534
1042-12-150;Kinex 1042-12-150;8595604716959;11858
1042-12-160;Kinex 1042-12-160;8595604716966;13576
1042-12-200;Kinex 1042-12-200;8595604716973;16275
1041-80;Kinex 1041-80;8595604712142;4139
1041-82;Kinex 1041-82;8595604712159;7243
1041-84;Kinex 1041-84;8595604712166;8289
1041-86;Kinex 1041-86;8595604712173;10162
1041-88;Kinex 1041-88;8595604712180;19961
1041-90;Kinex 1041-90;8595604712197;38874
1043-01-110;Kinex 1043-01-110;8595604715563;3929
1043-01-140;Kinex 1043-01-140;8595604715570;8226
1043-01-200;Kinex 1043-01-200;8595604715587;11029
1043-02-100;Kinex 1043-02-100;8595604715594;5441
1043-02-140;Kinex 1043-02-140;8595604715600;7123
1043-02-180;Kinex 1043-02-180;8595604715617;11410
1043-03-070;Kinex 1043-03-070;8595604715624;3868
1043-03-130;Kinex 1043-03-130;8595604715631;8091
1043-03-200;Kinex 1043-03-200;8595604715648;15835
3034;Kinex 3034;8595604710650;1330
3035;Kinex 3035;8595604710438;1566
3036;Kinex 3036;8595604710445;2357
3037;Kinex 3037;8595604710452;4312
1042-50;Kinex 1042-50;8595604717536;686
1046-0;Kinex 1046-0;8595604704260;6893
1046-1;Kinex 1046-1;8595604704277;7733
1046-2;Kinex 1046-2;8595604704284;11203
1046-3;Kinex 1046-3;8595604704291;11508
1046-4;Kinex 1046-4;8595604704307;15017
1046-5;Kinex 1046-5;8595604710667;16733
1046-6;Kinex 1046-6;8595604710674;18359
1046-10;Kinex 1046-10;8595604710681;10396
1046-11;Kinex 1046-11;8595604710698;12545
1046-12;Kinex 1046-12;8595604710704;18148
1046-13;Kinex 1046-13;8595604710711;18475
1046-14;Kinex 1046-14;8595604710728;24177
1046-15;Kinex 1046-15;8595604710735;27681
1046-16;Kinex 1046-16;8595604710742;30142
1050-1;Kinex 1050-1;8595604704628;23754
1050-2;Kinex 1050-2;8595604704635;35769
1050-3;Kinex 1050-3;8595604704642;53879
1050-4;Kinex 1050-4;8595604704659;61844
1047-50;Kinex 1047-50;8595604704314;9185
1047-55;Kinex 1047-55;8595604704321;3790
1047-60;Kinex 1047-60;8595604704338;7396
1047-65;Kinex 1047-65;8595604704345;6605
1047-66;Kinex 1047-66;8595604704352;13974
1047-67;Kinex 1047-67;8595604704369;13974
1047-68;Kinex 1047-68;8595604704376;13974
1047-69;Kinex 1047-69;8595604704383;13974
1047-70;Kinex 1047-70;8595604704390;13974
1047-71;Kinex 1047-71;8595604704406;13974
1047-72;Kinex 1047-72;8595604704413;13974
1047-73;Kinex 1047-73;8595604704420;13974
1047-74;Kinex 1047-74;8595604704437;13974
1047-75;Kinex 1047-75;8595604712678;17879
1047-801;Kinex 1047-801;8595604704444;16100
1047-802;Kinex 1047-802;8595604704451;16100
1047-803;Kinex 1047-803;8595604704468;20088
1047-804;Kinex 1047-804;8595604704475;20088
1047-805;Kinex 1047-805;8595604704482;23900
1047-806;Kinex 1047-806;8595604704499;23900
1047-807;Kinex 1047-807;8595604704505;27708
1047-808;Kinex 1047-808;8595604704512;27708
1047-809;Kinex 1047-809;8595604704529;28736
1047-810;Kinex 1047-810;8595604704536;30173
1047-811;Kinex 1047-811;8595604704543;32069
1047-812;Kinex 1047-812;8595604704550;32069
1047-813;Kinex 1047-813;8595604704567;33173
1047-814;Kinex 1047-814;8595604704574;33525
1047-815;Kinex 1047-815;8595604704581;34289
1047-816;Kinex 1047-816;8595604704598;34289
1047-817;Kinex 1047-817;8595604704604;35714
1047-818;Kinex 1047-818;8595604704611;35714
1094-6;Kinex 1094-6;8595604704819;1861
1094-8;Kinex 1094-8;8595604704826;1861
1094-10;Kinex 1094-10;8595604704796;1861
1094-1;Kinex 1094-1;8595604704789;508
1094-2;Kinex 1094-2;8595604704802;508
1094-3;Kinex 1094-3;8595604711930;508
1095-1;Kinex 1095-1;8595604704833;9212
1093;Kinex 1093;8595604700385;1935
1093-20;Kinex 1093-20;8595604704772;7081
1089;Kinex 1089;8595604700354;329
1090;Kinex 1090;8595604700361;456
1091;Kinex 1091;8595604700378;450
1090-10;Kinex 1090-10;8595604704741;509
1090-12;Kinex 1090-12;8595604704758;1073
1093-10;Kinex 1093-10;8595604711923;711
1092-2;Kinex 1092-2;8595604704765;1124
1119-10;Kinex 1119-10;8595604704840;497
1120-1;Kinex 1120-1;8595604704857;628
1120-4;Kinex 1120-4;8595604704864;1711
1121;Kinex 1121;8595604700392;592
1130;Kinex 1130;8595604700408;139
1131;Kinex 1131;8595604700415;231
1132;Kinex 1132;8595604700422;333
1133;Kinex 1133;8595604713422;330
1129-1;Kinex 1129-1;8595604704871;381
1140;Kinex 1140;8595604700439;322
1141;Kinex 1141;8595604700446;345
1142;Kinex 1142;8595604700453;345
1146;Kinex 1146;8595604700460;129
1147;Kinex 1147;8595604700477;168
1148;Kinex 1148;8595604700484;202
1134-0,005/D;Kinex 1134-0,005/D;8595604712234;2905
1134-0,01/D;Kinex 1134-0,01/D;8595604704895;1134
1134-0,02/D;Kinex 1134-0,02/D;8595604704901;924
1134-0,03/D;Kinex 1134-0,03/D;8595604704918;327
1134-0,04/D;Kinex 1134-0,04/D;8595604704925;327
1134-0,05/D;Kinex 1134-0,05/D;8595604704932;275
1134-0,06/D;Kinex 1134-0,06/D;8595604704949;275
1134-0,07/D;Kinex 1134-0,07/D;8595604704956;275
1134-0,08/D;Kinex 1134-0,08/D;8595604704963;275
1134-0,09/D;Kinex 1134-0,09/D;8595604704970;275
1134-0,10/D;Kinex 1134-0,10/D;8595604704987;275
1134-0,12/D;Kinex 1134-0,12/D;8595604704994;275
1134-0,15/D;Kinex 1134-0,15/D;8595604705007;275
1134-0,18/D;Kinex 1134-0,18/D;8595604705014;310
1134-0,20/D;Kinex 1134-0,20/D;8595604705021;275
1134-0,25/D;Kinex 1134-0,25/D;8595604705038;310
1134-0,30/D;Kinex 1134-0,30/D;8595604705045;310
1134-0,35/D;Kinex 1134-0,35/D;8595604705052;310
1134-0,40/D;Kinex 1134-0,40/D;8595604705069;310
1134-0,45/D;Kinex 1134-0,45/D;8595604712241;396
1134-0,50/D;Kinex 1134-0,50/D;8595604705076;310
1134-0,55/D;Kinex 1134-0,55/D;8595604712258;396
1134-0,60/D;Kinex 1134-0,60/D;8595604705083;327
1134-0,65/D;Kinex 1134-0,65/D;8595604712265;396
1134-0,70/D;Kinex 1134-0,70/D;8595604705090;327
1134-0,75/D;Kinex 1134-0,75/D;8595604712272;396
1134-0,80/D;Kinex 1134-0,80/D;8595604705106;327
1134-0,85/D;Kinex 1134-0,85/D;8595604712289;396
1134-0,90/D;Kinex 1134-0,90/D;8595604705113;353
1134-0,95/D;Kinex 1134-0,95/D;8595604712296;396
1134-1,00/D;Kinex 1134-1,00/D;8595604705120;353
1122;Kinex 1122;8595604712869;99
1123;Kinex 1123;8595604712814;99
1124;Kinex 1124;8595604712821;120
1126;Kinex 1126;8595604712845;117
1125;Kinex 1125;8595604712838;162
1120-2;Kinex 1120-2;8595604712876;70
1120-3;Kinex 1120-3;8595604716089;1260
1120-5;Kinex 1120-5;8595604717550;4312
1150;Kinex 1150;8595604700491;2000
1150-1;Kinex 1150-1;8595604713361;2136
1150-5;Kinex 1150-5;8595604705137;2494
1150-6;Kinex 1150-6;8595604705144;2427
1150-7;Kinex 1150-7;8595604712302;2427
1151;Kinex 1151;8595604700507;2661
1150-02-150;Kinex 1150-02-150;8595604716980;5876
1150-02-200;Kinex 1150-02-200;8595604716997;7396
1150-02-300;Kinex 1150-02-300;8595604717000;9531
1150-03-150;Kinex 1150-03-150;8595604717017;5876
1150-03-200;Kinex 1150-03-200;8595604717024;7396
1150-03-300;Kinex 1150-03-300;8595604717031;9531
1152;Kinex 1152;8595604711947;1780
1153;Kinex 1153;8595604712883;2997
1154-02-190;Kinex 1154-02-190;8595604717048;2796
1154-02-210;Kinex 1154-02-210;8595604717055;4545
1160;Kinex 1160;8595604700552;832
1155-02-110;Kinex 1155-02-110;8595604705168;845
1155-02-110;Kinex 1155-02-110;8595604715525;845
1155-02-010;Kinex 1155-02-010;8595604700514;536
1155-02-010;Kinex 1155-02-010;8595604715495;536
1155-02-001;Kinex 1155-02-001;8595604705182;1047
1155-02-001;Kinex 1155-02-001;8595604715464;1047
1155-02-025;Kinex 1155-02-025;8595604705151;684
1155-02-025;Kinex 1155-02-025;8595604715501;747
1155-02-030;Kinex 1155-02-030;8595604705175;1102
1155-02-030;Kinex 1155-02-030;8595604715518;1102
1155-02-005;Kinex 1155-02-005;8595604700545;536
1155-02-005;Kinex 1155-02-005;8595604715488;536
1155-02-710;Kinex 1155-02-710;8595604700538;1110
1155-02-710;Kinex 1155-02-710;8595604715471;1110
1155-02-410;Kinex 1155-02-410;8595604705199;749
1155-02-410;Kinex 1155-02-410;8595604715532;749
1155-5;Kinex 1155-5;8595604705205;1387
1155-6;Kinex 1155-6;8595604705212;2476
1155-15-001;Kinex 1155-15-001;8595604717529;4692
1155-05-010;Kinex 1155-05-010;8595604714573;2966
1155-05-001;Kinex 1155-05-001;8595604714566;6034
1156-02-010;Kinex 1156-02-010;8595604700521;933
1156-02-010;Kinex 1156-02-010;8595604715693;933
1156-02-102;Kinex 1156-02-102;8595604715716;2410
1156-02-222;Kinex 1156-02-222;8595604715846;3705
1156-02-110;Kinex 1156-02-110;8595604705229;949
1156-02-110;Kinex 1156-02-110;8595604715709;949
1155-7;Kinex 1155-7;8595604712685;255
2001;Kinex 2001;8595604712319;103
2002;Kinex 2002;8595604712326;142
2002-1;Kinex 2002-1;8595604712333;136
2003;Kinex 2003;8595604712340;328
2006;Kinex 2006;8595604712357;246
2007;Kinex 2007;8595604712364;287
2008;Kinex 2008;8595604712371;304
2009;Kinex 2009;8595604712388;317
2010;Kinex 2010;8595604712395;577
2012;Kinex 2012;8595604712401;144
2013;Kinex 2013;8595604712418;162
2014;Kinex 2014;8595604712425;179
2016;Kinex 2016;8595604712692;207
2017;Kinex 2017;8595604712708;229
2018;Kinex 2018;8595604712715;241
2019;Kinex 2019;8595604712722;267
2034;Kinex 2034;8595604714719;427
2035;Kinex 2035;8595604700569;471
2036;Kinex 2036;8595604700576;589
2037;Kinex 2037;8595604700583;1114
2038;Kinex 2038;8595604713439;5006
2040;Kinex 2040;8595604700590;676
2041;Kinex 2041;8595604700606;734
2041-1;Kinex 2041-1;8595604705236;807
2042;Kinex 2042;8595604700613;851
2042-2;Kinex 2042-2;8595604705243;1356
2042-3;Kinex 2042-3;8595604713354;8155
2050-05-150;Kinex 2050-05-150;8595604700620;1107
2050-05-200;Kinex 2050-05-200;8595604700637;1223
2050-05-300;Kinex 2050-05-300;8595604700644;1802
2050-05-500;Kinex 2050-05-500;8595604700651;2637
2050-05-150;Kinex 2050-05-150;8595604713446;1107
2050-05-200;Kinex 2050-05-200;8595604713453;1223
2050-05-300;Kinex 2050-05-300;8595604713460;1802
2050-05-500;Kinex 2050-05-500;8595604713477;2637
2053-1;Kinex 2053-1;8595604705274;1470
2053-2;Kinex 2053-2;8595604705281;1761
2053-3;Kinex 2053-3;8595604705298;2594
2053-4;Kinex 2053-4;8595604705304;5115
2051-05-150;Kinex 2051-05-150;8595604700668;1085
2051-05-200;Kinex 2051-05-200;8595604700675;1400
2051-05-300;Kinex 2051-05-300;8595604705250;1925
2051-05-500;Kinex 2051-05-500;8595604705267;3135
2051-05-150;Kinex 2051-05-150;8595604713484;1085
2051-05-200;Kinex 2051-05-200;8595604713491;1400
2051-05-300;Kinex 2051-05-300;8595604713507;1993
2051-05-500;Kinex 2051-05-500;8595604713514;3135
2070;Kinex 2070;8595604700682;175
2071;Kinex 2071;8595604700699;217
2072;Kinex 2072;8595604700705;240
2073;Kinex 2073;8595604700712;265
2074;Kinex 2074;8595604712432;846
2075;Kinex 2075;8595604712456;1025
2074-1;Kinex 2074-1;8595604712449;632
2075-1;Kinex 2075-1;8595604712463;743
2078;Kinex 2078;8595604700729;2108
2078-1;Kinex 2078-1;8595604705311;3144
2078-2;Kinex 2078-2;8595604705328;7056
2078-3;Kinex 2078-3;8595604705335;8724
3001;Kinex 3001;8595604710902;860
3002;Kinex 3002;8595604710919;974
3014-02-020;Kinex 3014-02-020;8595604700736;2172
3014-02-030;Kinex 3014-02-030;8595604700743;3505
3014-02-050;Kinex 3014-02-050;8595604700750;4357
3014-02-100;Kinex 3014-02-100;8595604700767;11601
3014-02-020;Kinex 3014-02-020;8595604717321;2172
3014-02-030;Kinex 3014-02-030;8595604717338;3505
3014-02-050;Kinex 3014-02-050;8595604717345;4357
3014-02-100;Kinex 3014-02-100;8595604717352;11601
3022-05-020;Kinex 3022-05-020;8595604700774;7467
3022-05-030;Kinex 3022-05-030;8595604700781;7737
3022-05-050;Kinex 3022-05-050;8595604700798;10468
3022-05-060;Kinex 3022-05-060;8595604705342;10861
3022-05-100;Kinex 3022-05-100;8595604705359;35771
3022-05-020;Kinex 3022-05-020;8595604713521;7732
3022-05-030;Kinex 3022-05-030;8595604713538;7988
3022-05-050;Kinex 3022-05-050;8595604713545;10782
3022-05-060;Kinex 3022-05-060;8595604713552;11310
3022-05-080;Kinex 3022-05-080;8595604713569;14146
3022-05-100;Kinex 3022-05-100;8595604713576;35667
3020-02-030;Kinex 3020-02-030;8595604711954;9296
3020-02-050;Kinex 3020-02-050;8595604714962;11952
3020-02-060;Kinex 3020-02-060;8595604714979;13131
3025;Kinex 3025;8595604700804;12
3026;Kinex 3026;8595604700811;30
3026-30;Kinex 3026-30;8595604711695;319
3025-2;Kinex 3025-2;8595604705366;41
3025-3;Kinex 3025-3;8595604713583;86
3025-4;Kinex 3025-4;8595604713590;100
3040;Kinex 3040;8595604700828;96
3047;Kinex 3047;8595604700866;131
3045;Kinex 3045;8595604700859;126
3042;Kinex 3042;8595604700835;192
3044;Kinex 3044;8595604700842;404
3046;Kinex 3046;8595604711961;428
3048;Kinex 3048;8595604710421;1780
3049-06-315;Kinex 3049-06-315;8595604705373;70
3049-06-355;Kinex 3049-06-355;8595604705380;74
3049-06-400;Kinex 3049-06-400;8595604705397;86
3049-06-500;Kinex 3049-06-500;8595604705403;96
3049-06-560;Kinex 3049-06-560;8595604705410;114
3049-06-620;Kinex 3049-06-620;8595604712630;119
3049-06-630;Kinex 3049-06-630;8595604705427;119
3049-06-710;Kinex 3049-06-710;8595604705434;133
3049-06-900;Kinex 3049-06-900;8595604705441;156
3049-08-210;Kinex 3049-08-210;8595604705458;63
3049-08-240;Kinex 3049-08-240;8595604705465;63
3049-08-270;Kinex 3049-08-270;8595604705472;63
3049-08-300;Kinex 3049-08-300;8595604705489;79
3049-08-340;Kinex 3049-08-340;8595604705496;73
3049-08-380;Kinex 3049-08-380;8595604705502;79
3049-08-430;Kinex 3049-08-430;8595604705519;88
3049-08-490;Kinex 3049-08-490;8595604705526;88
3049-08-550;Kinex 3049-08-550;8595604705533;88
3049-08-620;Kinex 3049-08-620;8595604705540;120
3049-08-800;Kinex 3049-08-800;8595604705557;150
3049-08-100;Kinex 3049-08-100;8595604705564;172
3049-08-110;Kinex 3049-08-110;8595604705571;183
3049-08-120;Kinex 3049-08-120;8595604705588;213
3049-08-130;Kinex 3049-08-130;8595604705595;260
3049-08-145;Kinex 3049-08-145;8595604705601;271
3049-08-160;Kinex 3049-08-160;8595604705618;276
3049-08-180;Kinex 3049-08-180;8595604705625;321
3049-08-200;Kinex 3049-08-200;8595604715723;333
3049-08-220;Kinex 3049-08-220;8595604715730;359
3052;Kinex 3052;8595604700873;64
3053;Kinex 3053;8595604700880;76
3054;Kinex 3054;8595604700897;88
3055;Kinex 3055;8595604700903;100
3056;Kinex 3056;8595604700910;133
3057;Kinex 3057;8595604700927;198
3058;Kinex 3058;8595604700934;299
3059;Kinex 3059;8595604700941;419
3059-1;Kinex 3059-1;8595604705632;863
3060;Kinex 3060;8595604700958;1035
4001;Kinex 4001;8595604700965;1038
4002;Kinex 4002;8595604700972;1279
4003;Kinex 4003;8595604700989;2053
4004;Kinex 4004;8595604700996;2652
4005;Kinex 4005;8595604701009;3453
4001-03-025;Kinex 4001-03-025;8595604715044;537
4001-03-040;Kinex 4001-03-040;8595604715051;577
4001-03-063;Kinex 4001-03-063;8595604710766;623
4001-03-075;Kinex 4001-03-075;8595604710773;663
4001-03-100;Kinex 4001-03-100;8595604710780;952
4001-03-150;Kinex 4001-03-150;8595604710926;1480
4001-03-200;Kinex 4001-03-200;8595604710797;1510
4001-03-250;Kinex 4001-03-250;8595604710803;1846
4001-03-025;Kinex 4001-03-025;8595604717062;606
4001-03-040;Kinex 4001-03-040;8595604717079;616
4001-03-063;Kinex 4001-03-063;8595604717086;623
4001-03-075;Kinex 4001-03-075;8595604717093;663
4001-03-100;Kinex 4001-03-100;8595604717109;952
4001-03-150;Kinex 4001-03-150;8595604717116;1480
4001-03-200;Kinex 4001-03-200;8595604717123;1510
4001-03-250;Kinex 4001-03-250;8595604717130;1938
4028;Kinex 4028;8595604701115;275
4029;Kinex 4029;8595604701122;318
4030;Kinex 4030;8595604701139;410
4028-1;Kinex 4028-1;8595604710629;310
4029-1;Kinex 4029-1;8595604710636;357
4030-1;Kinex 4030-1;8595604710643;434
4031;Kinex 4031;8595604710810;445
4032;Kinex 4032;8595604710827;546
4010;Kinex 4010;8595604701016;132
4011;Kinex 4011;8595604701023;179
4012;Kinex 4012;8595604701030;229
4013;Kinex 4013;8595604701047;446
4014;Kinex 4014;8595604701054;984
4015;Kinex 4015;8595604709463;1096
4016;Kinex 4016;8595604709470;1269
4020;Kinex 4020;8595604701061;258
4021;Kinex 4021;8595604701078;327
4022;Kinex 4022;8595604701085;416
4023;Kinex 4023;8595604701092;764
4024;Kinex 4024;8595604701108;1631
4025;Kinex 4025;8595604709487;1684
4025-1;Kinex 4025-1;8595604709494;2055
4020-30;Kinex 4020-30;8595604710469;221
4020-31;Kinex 4020-31;8595604710476;260
4020-32;Kinex 4020-32;8595604710483;339
4020-33;Kinex 4020-33;8595604710490;415
4020-34;Kinex 4020-34;8595604710506;501
4020-35;Kinex 4020-35;8595604710513;613
4020-36;Kinex 4020-36;8595604710520;841
4020-37;Kinex 4020-37;8595604710537;1134
4020-38;Kinex 4020-38;8595604710544;1303
4020-39;Kinex 4020-39;8595604710551;2068
4026-29;Kinex 4026-29;8595604715181;446
4026-30;Kinex 4026-30;8595604712906;453
4026-31;Kinex 4026-31;8595604712999;478
4026-32;Kinex 4026-32;8595604713002;563
4026-33;Kinex 4026-33;8595604713019;773
4026-34;Kinex 4026-34;8595604713026;933
4026-35;Kinex 4026-35;8595604713033;1112
4026-36;Kinex 4026-36;8595604713040;1400
4026-37;Kinex 4026-37;8595604713057;1748
4026-38;Kinex 4026-38;8595604714528;2490
4026-49;Kinex 4026-49;8595604715198;301
4026-50;Kinex 4026-50;8595604713064;312
4026-51;Kinex 4026-51;8595604713071;330
4026-52;Kinex 4026-52;8595604713088;388
4026-53;Kinex 4026-53;8595604713095;534
4026-54;Kinex 4026-54;8595604713101;644
4026-55;Kinex 4026-55;8595604713118;767
4026-56;Kinex 4026-56;8595604713125;966
4026-57;Kinex 4026-57;8595604713132;1206
4026-58;Kinex 4026-58;8595604714535;1485
4034;Kinex 4034;8595604710971;157
4035;Kinex 4035;8595604701146;182
4036;Kinex 4036;8595604701153;238
4037;Kinex 4037;8595604701160;388
4038;Kinex 4038;8595604701177;1024
4039;Kinex 4039;8595604701184;2174
4040;Kinex 4040;8595604709555;2121
4041;Kinex 4041;8595604709562;2943
4042;Kinex 4042;8595604709579;10620
4043;Kinex 4043;8595604709586;19564
4045;Kinex 4045;8595604701191;277
4046;Kinex 4046;8595604701207;347
4047;Kinex 4047;8595604701214;396
4048;Kinex 4048;8595604701221;567
4049;Kinex 4049;8595604717482;1199
4051;Kinex 4051;8595604701238;241
4052;Kinex 4052;8595604701245;338
4053;Kinex 4053;8595604701252;495
4054;Kinex 4054;8595604701269;766
4055;Kinex 4055;8595604701276;1197
4056;Kinex 4056;8595604701283;3118
4057;Kinex 4057;8595604709593;2796
4057-1;Kinex 4057-1;8595604709609;3723
4057-2;Kinex 4057-2;8595604710360;13488
4057-3;Kinex 4057-3;8595604711558;22969
4058;Kinex 4058;8595604701290;403
4059;Kinex 4059;8595604701306;555
4060;Kinex 4060;8595604701313;809
4061;Kinex 4061;8595604701320;1160
4061-1;Kinex 4061-1;8595604717499;2441
4033-10;Kinex 4033-10;8595604705649;229
4033-11;Kinex 4033-11;8595604705656;270
4033-12;Kinex 4033-12;8595604705663;353
4033-13;Kinex 4033-13;8595604705670;525
4033-14;Kinex 4033-14;8595604705687;906
4033-15;Kinex 4033-15;8595604705694;1168
4033-16;Kinex 4033-16;8595604710988;2831
4033-17;Kinex 4033-17;8595604710995;3492
4033-18;Kinex 4033-18;8595604711008;6921
4033-19;Kinex 4033-19;8595604711015;12899
4033-20;Kinex 4033-20;8595604711022;22966
4034-10;Kinex 4034-10;8595604705762;168
4034-11;Kinex 4034-11;8595604705779;202
4034-12;Kinex 4034-12;8595604705786;231
4034-13;Kinex 4034-13;8595604705793;295
4034-14;Kinex 4034-14;8595604705809;554
4034-15;Kinex 4034-15;8595604705816;655
4034-16;Kinex 4034-16;8595604710858;1700
4034-17;Kinex 4034-17;8595604710865;2419
4034-18;Kinex 4034-18;8595604711084;3365
4034-19;Kinex 4034-19;8595604711091;6511
4034-20;Kinex 4034-20;8595604711107;10498
4034-50;Kinex 4034-50;8595604711145;108
4034-51;Kinex 4034-51;8595604711152;144
4034-52;Kinex 4034-52;8595604711169;203
4034-53;Kinex 4034-53;8595604711176;240
4034-54;Kinex 4034-54;8595604711183;401
4034-55;Kinex 4034-55;8595604711190;512
4034-56;Kinex 4034-56;8595604710872;770
4034-57;Kinex 4034-57;8595604711213;1124
4034-58;Kinex 4034-58;8595604711220;1499
4034-59;Kinex 4034-59;8595604711237;2121
4034-60;Kinex 4034-60;8595604711244;2943
4034-61;Kinex 4034-61;8595604711251;10620
4034-62;Kinex 4034-62;8595604711268;19564
4034-63;Kinex 4034-63;8595604711275;29869
4033-30;Kinex 4033-30;8595604705700;368
4033-31;Kinex 4033-31;8595604705717;428
4033-32;Kinex 4033-32;8595604705724;662
4033-33;Kinex 4033-33;8595604705731;835
4033-34;Kinex 4033-34;8595604705748;1217
4033-35;Kinex 4033-35;8595604705755;1637
4033-36;Kinex 4033-36;8595604711039;4216
4033-37;Kinex 4033-37;8595604711046;6166
4033-38;Kinex 4033-38;8595604711053;8809
4033-39;Kinex 4033-39;8595604711060;15101
4033-40;Kinex 4033-40;8595604711077;27056
4051-10;Kinex 4051-10;8595604705823;238
4051-11;Kinex 4051-11;8595604705830;265
4051-12;Kinex 4051-12;8595604705847;301
4051-13;Kinex 4051-13;8595604705854;419
4051-14;Kinex 4051-14;8595604705861;749
4051-15;Kinex 4051-15;8595604705878;950
4051-16;Kinex 4051-16;8595604710384;2360
4051-17;Kinex 4051-17;8595604710889;3469
4051-18;Kinex 4051-18;8595604711114;4875
4051-19;Kinex 4051-19;8595604711121;9860
4051-20;Kinex 4051-20;8595604711138;14977
4053-30;Kinex 4053-30;8595604711282;192
4053-31;Kinex 4053-31;8595604711299;214
4053-32;Kinex 4053-32;8595604711305;299
4053-33;Kinex 4053-33;8595604711312;357
4053-34;Kinex 4053-34;8595604711329;542
4053-35;Kinex 4053-35;8595604711336;679
4053-36;Kinex 4053-36;8595604710896;1146
4053-37;Kinex 4053-37;8595604711343;1504
4053-38;Kinex 4053-38;8595604711350;2032
4053-39;Kinex 4053-39;8595604711367;2796
4053-40;Kinex 4053-40;8595604711374;3723
4053-41;Kinex 4053-41;8595604711381;13488
4053-42;Kinex 4053-42;8595604711398;22969
4053-43;Kinex 4053-43;8595604711404;32144
4080;Kinex 4080;8595604711978;514
4085;Kinex 4085;8595604711985;477
4062;Kinex 4062;8595604701337;801
4062-1;Kinex 4062-1;8595604705885;892
4062-2;Kinex 4062-2;8595604705892;1179
4062-3;Kinex 4062-3;8595604705908;1821
4062-4;Kinex 4062-4;8595604713606;3864
4062-5;Kinex 4062-5;8595604713613;4379
4063-10;Kinex 4063-10;8595604705915;407
4063-11;Kinex 4063-11;8595604705922;528
4063-12;Kinex 4063-12;8595604705939;650
4063-13;Kinex 4063-13;8595604705946;816
4063-14;Kinex 4063-14;8595604705953;984
5018-0;Kinex 5018-0;8595604709616;204
5018-1;Kinex 5018-1;8595604709623;237
5018-2;Kinex 5018-2;8595604709630;284
5018-3;Kinex 5018-3;8595604709647;312
5018-4;Kinex 5018-4;8595604709654;355
5018-5;Kinex 5018-5;8595604709661;439
5018-6;Kinex 5018-6;8595604709678;590
5017-0;Kinex 5017-0;8595604712739;1209
5017-1;Kinex 5017-1;8595604712623;1744
5017-2;Kinex 5017-2;8595604707728;1682
5017-3;Kinex 5017-3;8595604707735;2009
5017-8;Kinex 5017-8;8595604712746;1560
5017-9;Kinex 5017-9;8595604712753;1690
5036-5;Kinex 5036-5;8595604712807;120
5035;Kinex 5035;8595604713347;96
5036;Kinex 5036;8595604709852;71
5035-3;Kinex 5035-3;8595604709869;227
5035-4;Kinex 5035-4;8595604709876;301
5036-08-045;Kinex 5036-08-045;8595604717369;255
5050;Kinex 5050;8595604701344;2785
5056;Kinex 5056;8595604701351;3360
5062;Kinex 5062;8595604701368;3447
5068;Kinex 5068;8595604701375;3705
5074;Kinex 5074;8595604701382;5136
5078;Kinex 5078;8595604713668;7663
5051-02-150;Kinex 5051-02-150;8595604715143;3761
5051-02-200;Kinex 5051-02-200;8595604715150;4536
5051-02-250;Kinex 5051-02-250;8595604715174;4994
5051-02-300;Kinex 5051-02-300;8595604715167;5833
5080;Kinex 5080;8595604701399;2589
5081;Kinex 5081;8595604701405;2894
5082;Kinex 5082;8595604701412;3303
5082-250;Kinex 5082-250;8595604717512;3764
5083;Kinex 5083;8595604701429;4212
5090;Kinex 5090;8595604701436;4619
5096;Kinex 5096;8595604701443;4986
5102;Kinex 5102;8595604701450;5885
5108;Kinex 5108;8595604701467;6115
5091-02-150;Kinex 5091-02-150;8595604713620;6235
5091-02-200;Kinex 5091-02-200;8595604713637;6731
5091-02-250;Kinex 5091-02-250;8595604713644;7945
5091-02-300;Kinex 5091-02-300;8595604713651;8377
5110;Kinex 5110;8595604701474;2013
5111;Kinex 5111;8595604701481;2114
5115;Kinex 5115;8595604701498;1780
5116;Kinex 5116;8595604701504;2049
5117;Kinex 5117;8595604701511;2201
5118;Kinex 5118;8595604701528;3145
5119;Kinex 5119;8595604701535;3238
1161-10;Kinex 1161-10;8595604711657;1228
1162-10;Kinex 1162-10;8595604711664;1477
1163-10;Kinex 1163-10;8595604711671;1827
1161-05-050;Kinex 1161-05-050;8595604717178;1474
1161-05-080;Kinex 1161-05-080;8595604717185;1773
1161-05-100;Kinex 1161-05-100;8595604717192;2271
1161-08-050;Kinex 1161-08-050;8595604717208;1764
1161-08-080;Kinex 1161-08-080;8595604717215;2114
1161-08-100;Kinex 1161-08-100;8595604717222;2623
1163-1;Kinex 1163-1;8595604710568;154
6000;Kinex 6000;8595604701542;362
6000-1;Kinex 6000-1;8595604705960;346
6000-2;Kinex 6000-2;8595604705977;420
6000-25;Kinex 6000-25;8595604711411;460
6000-26;Kinex 6000-26;8595604711428;460
6000-3;Kinex 6000-3;8595604705984;417
6000-4;Kinex 6000-4;8595604705991;422
6000-20;Kinex 6000-20;8595604711435;460
6000-21;Kinex 6000-21;8595604711442;460
6000-02-150;Kinex 6000-02-150;8595604714986;981
6000-02-200;Kinex 6000-02-200;8595604714993;1437
6000-02-300;Kinex 6000-02-300;8595604715006;2171
6000-5;Kinex 6000-5;8595604706004;526
6002;Kinex 6002;8595604701559;548
6003;Kinex 6003;8595604701566;780
6013;Kinex 6013;8595604701573;722
6013-1;Kinex 6013-1;8595604706066;1039
6013-2;Kinex 6013-2;8595604706073;1405
6013-02-150;Kinex 6013-02-150;8595604715747;904
6013-02-200;Kinex 6013-02-200;8595604715754;1223
6013-02-300;Kinex 6013-02-300;8595604715761;1763
6005-10;Kinex 6005-10;8595604706028;1917
6005-15;Kinex 6005-15;8595604706035;2237
6005-20;Kinex 6005-20;8595604706042;2270
6005-25;Kinex 6005-25;8595604706059;2767
6005-50;Kinex 6005-50;8595604709432;958
6005-55;Kinex 6005-55;8595604709449;1193
6007-200;Kinex 6007-200;8595604712203;604
6007-02-160;Kinex 6007-02-160;8595604715778;1425
6007-02-200;Kinex 6007-02-200;8595604715785;1762
6007-02-250;Kinex 6007-02-250;8595604715792;2265
6007-02-300;Kinex 6007-02-300;8595604715808;2869
6007-02-400;Kinex 6007-02-400;8595604715815;3566
6007-02-500;Kinex 6007-02-500;8595604715822;4594
6015-100;Kinex 6015-100;8595604706080;3254
6015-125;Kinex 6015-125;8595604706097;3465
6015-150;Kinex 6015-150;8595604706103;3572
6015-200;Kinex 6015-200;8595604706110;5031
6015-250;Kinex 6015-250;8595604711459;5518
6015-300;Kinex 6015-300;8595604711466;6171
6016-100;Kinex 6016-100;8595604706127;4234
6016-125;Kinex 6016-125;8595604706134;4287
6016-150;Kinex 6016-150;8595604706141;4671
6016-200;Kinex 6016-200;8595604706158;5249
6016-300;Kinex 6016-300;8595604711473;8158
6016-2-125;Kinex 6016-2-125;8595604706165;6177
6016-2-150;Kinex 6016-2-150;8595604706172;7964
6016-2-200;Kinex 6016-2-200;8595604712760;9664
6017-125;Kinex 6017-125;8595604706189;8385
6017-150;Kinex 6017-150;8595604706196;8944
6017-200;Kinex 6017-200;8595604706202;9839
6018-125;Kinex 6018-125;8595604706219;10600
6018-150;Kinex 6018-150;8595604706226;10863
6018-200;Kinex 6018-200;8595604706233;12751
6019-125;Kinex 6019-125;8595604713675;17656
6019-150;Kinex 6019-150;8595604706240;18864
6019-200;Kinex 6019-200;8595604706257;20722
6019-300;Kinex 6019-300;8595604706264;24159
6024-1-125;Kinex 6024-1-125;8595604706400;4603
6024-2-150;Kinex 6024-2-150;8595604706417;8337
6024-3-150;Kinex 6024-3-150;8595604706424;10240
6015-08-040;Kinex 6015-08-040;8595604713682;4178
6015-08-050;Kinex 6015-08-050;8595604713699;4258
6015-08-060;Kinex 6015-08-060;8595604713705;4946
6015-08-100;Kinex 6015-08-100;8595604713712;9367
6015-08-150;Kinex 6015-08-150;8595604713729;19865
6015-08-200;Kinex 6015-08-200;8595604713736;23320
6022-100;Kinex 6022-100;8595604706301;3429
6022-125;Kinex 6022-125;8595604709456;4103
6022-150;Kinex 6022-150;8595604706332;4304
6022-0-100;Kinex 6022-0-100;8595604706271;4312
6022-0-125;Kinex 6022-0-125;8595604706288;4529
6022-0-150;Kinex 6022-0-150;8595604706295;5135
6022-1-125;Kinex 6022-1-125;8595604706318;7028
6022-1-150;Kinex 6022-1-150;8595604706325;8426
6022-2-125;Kinex 6022-2-125;8595604706349;8869
6022-2-150;Kinex 6022-2-150;8595604706356;9184
6023-1-150;Kinex 6023-1-150;8595604706363;13621
6023-1-200;Kinex 6023-1-200;8595604706370;13961
6023-2-150;Kinex 6023-2-150;8595604706387;22758
6023-2-200;Kinex 6023-2-200;8595604706394;23786
6040-05-100;Kinex 6040-05-100;8595604714870;1344
6040-05-150;Kinex 6040-05-150;8595604713330;1912
6040-05-200;Kinex 6040-05-200;8595604713378;3303
6040-05-300;Kinex 6040-05-300;8595604713385;4320
6040-05-900;Kinex 6040-05-900;8595604714696;4462
6040-05-901;Kinex 6040-05-901;8595604714856;819
6040;Kinex 6040;8595604701580;703
6040-2;Kinex 6040-2;8595604706516;1146
6041-2;Kinex 6041-2;8595604706691;1861
6042-2;Kinex 6042-2;8595604706707;2598
6042-20;Kinex 6042-20;8595604716706;2842
6040-14-150;Kinex 6040-14-150;8595604715068;1505
6040-14-200;Kinex 6040-14-200;8595604715075;2107
6040-14-300;Kinex 6040-14-300;8595604715082;2954
6040-12-150;Kinex 6040-12-150;8595604715839;1364
6040-10;Kinex 6040-10;8595604706455;1803
6040-11;Kinex 6040-11;8595604706462;2068
6040-12;Kinex 6040-12;8595604706479;3382
6043-05-100;Kinex 6043-05-100;8595604706714;7669
6043-05-125;Kinex 6043-05-125;8595604711480;8988
6043-05-150;Kinex 6043-05-150;8595604711497;10401
6043-05-200;Kinex 6043-05-200;8595604711503;12090
6043-15-100;Kinex 6043-15-100;8595604706745;10382
6043-15-125;Kinex 6043-15-125;8595604710575;10884
6043-15-150;Kinex 6043-15-150;8595604711565;11442
6043-15-200;Kinex 6043-15-200;8595604711572;13856
6043-15-300;Kinex 6043-15-300;8595604711589;18301
6043-25-125;Kinex 6043-25-125;8595604706752;11978
6043-25-150;Kinex 6043-25-150;8595604706769;12778
6043-35-125;Kinex 6043-35-125;8595604712777;17921
6043-35-150;Kinex 6043-35-150;8595604706813;18261
6043-45-150;Kinex 6043-45-150;8595604711596;29343
6043-45-200;Kinex 6043-45-200;8595604711602;34795
6043-45-300;Kinex 6043-45-300;8595604711619;46613
6043-55-150;Kinex 6043-55-150;8595604711626;55325
6043-05-100;Kinex 6043-05-100;8595604713743;8053
6043-05-125;Kinex 6043-05-125;8595604713750;8988
6043-05-150;Kinex 6043-05-150;8595604713767;10401
6043-05-200;Kinex 6043-05-200;8595604713774;12090
6043-15-100;Kinex 6043-15-100;8595604713781;10382
6043-15-125;Kinex 6043-15-125;8595604713798;10884
6043-15-150;Kinex 6043-15-150;8595604713804;11442
6043-15-200;Kinex 6043-15-200;8595604713811;13856
6043-15-300;Kinex 6043-15-300;8595604713828;18301
6043-25-125;Kinex 6043-25-125;8595604713835;11978
6043-25-150;Kinex 6043-25-150;8595604713842;12778
6043-35-125;Kinex 6043-35-125;8595604715013;17074
6043-35-150;Kinex 6043-35-150;8595604713859;17921
6043-45-150;Kinex 6043-45-150;8595604713866;29343
6043-45-200;Kinex 6043-45-200;8595604713873;34795
6043-45-300;Kinex 6043-45-300;8595604713880;46613
6043-55-150;Kinex 6043-55-150;8595604713897;55325
6044-05-100;Kinex 6044-05-100;8595604706721;8106
6044-05-125;Kinex 6044-05-125;8595604706738;9255
6044-05-150;Kinex 6044-05-150;8595604711718;10775
6044-05-200;Kinex 6044-05-200;8595604711725;12249
6044-15-100;Kinex 6044-15-100;8595604706776;11553
6044-15-125;Kinex 6044-15-125;8595604711732;12977
6044-15-150;Kinex 6044-15-150;8595604711749;13982
6044-15-200;Kinex 6044-15-200;8595604711756;17371
6044-25-125;Kinex 6044-25-125;8595604706783;12267
6044-25-150;Kinex 6044-25-150;8595604706790;12857
6044-35-125;Kinex 6044-35-125;8595604711763;19307
6044-35-150;Kinex 6044-35-150;8595604706806;19706
6044-45-150;Kinex 6044-45-150;8595604711770;29472
6044-55-150;Kinex 6044-55-150;8595604713903;53694
6044-55-200;Kinex 6044-55-200;8595604713910;59577
6044-05-100;Kinex 6044-05-100;8595604713927;8106
6044-05-125;Kinex 6044-05-125;8595604713934;9255
6044-05-150;Kinex 6044-05-150;8595604713941;10775
6044-05-200;Kinex 6044-05-200;8595604713958;12249
6044-15-100;Kinex 6044-15-100;8595604713965;11553
6044-15-125;Kinex 6044-15-125;8595604713972;12977
6044-15-150;Kinex 6044-15-150;8595604713989;13982
6044-15-200;Kinex 6044-15-200;8595604713996;17371
6044-25-125;Kinex 6044-25-125;8595604714009;12267
6044-25-150;Kinex 6044-25-150;8595604714016;12857
6044-35-125;Kinex 6044-35-125;8595604714023;19307
6044-35-150;Kinex 6044-35-150;8595604714030;19706
6044-45-150;Kinex 6044-45-150;8595604714054;29472
6044-55-150;Kinex 6044-55-150;8595604714542;53694
6044-55-200;Kinex 6044-55-200;8595604714559;59577
6040-15-150;Kinex 6040-15-150;8595604714108;1522
6040-15-200;Kinex 6040-15-200;8595604714115;2235
6040-15-300;Kinex 6040-15-300;8595604714122;3227
6040-25-150;Kinex 6040-25-150;8595604706486;2631
6040-25-200;Kinex 6040-25-200;8595604706493;3790
6040-25-300;Kinex 6040-25-300;8595604706509;5311
6040-25-500;Kinex 6040-25-500;8595604712470;10798
6040-25-150;Kinex 6040-25-150;8595604714139;3282
6040-25-200;Kinex 6040-25-200;8595604714146;4637
6040-25-300;Kinex 6040-25-300;8595604714153;6458
6040-25-500;Kinex 6040-25-500;8595604714160;10798
6040-75-200;Kinex 6040-75-200;8595604714849;3536
6040-75-210;Kinex 6040-75-210;8595604717543;4691
6040-35-150;Kinex 6040-35-150;8595604706523;1360
6040-35-200;Kinex 6040-35-200;8595604706530;1385
6040-35-300;Kinex 6040-35-300;8595604706547;2184
6040-35-400;Kinex 6040-35-400;8595604706554;3163
6040-35-500;Kinex 6040-35-500;8595604706561;4041
6040-35-600;Kinex 6040-35-600;8595604706578;5066
6040-35-150;Kinex 6040-35-150;8595604714177;1360
6040-35-200;Kinex 6040-35-200;8595604714184;1385
6040-35-300;Kinex 6040-35-300;8595604714191;2184
6040-35-400;Kinex 6040-35-400;8595604714207;3163
6040-35-500;Kinex 6040-35-500;8595604714214;4041
6040-35-600;Kinex 6040-35-600;8595604714221;5066
6040-45-150;Kinex 6040-45-150;8595604706592;1643
6040-45-200;Kinex 6040-45-200;8595604706608;1995
6040-45-300;Kinex 6040-45-300;8595604706615;2894
6040-45-400;Kinex 6040-45-400;8595604706622;4133
6040-45-500;Kinex 6040-45-500;8595604706639;4304
6040-45-600;Kinex 6040-45-600;8595604706646;5311
6040-45-150;Kinex 6040-45-150;8595604714627;1643
6040-45-200;Kinex 6040-45-200;8595604714634;1995
6040-45-300;Kinex 6040-45-300;8595604714641;2894
6040-45-400;Kinex 6040-45-400;8595604714658;4133
6040-45-500;Kinex 6040-45-500;8595604714665;4304
6040-45-600;Kinex 6040-45-600;8595604714672;5311
6040-55-150;Kinex 6040-55-150;8595604706677;2568
6040-55-200;Kinex 6040-55-200;8595604711992;2934
6040-55-300;Kinex 6040-55-300;8595604712005;3780
6040-55-150;Kinex 6040-55-150;8595604714238;2568
6040-55-200;Kinex 6040-55-200;8595604714245;2934
6040-55-300;Kinex 6040-55-300;8595604714252;3780
6040-65-150;Kinex 6040-65-150;8595604706684;2568
6040-65-150;Kinex 6040-65-150;8595604714269;2568
6040-65-200;Kinex 6040-65-200;8595604714276;2934
6040-65-300;Kinex 6040-65-300;8595604714283;3780
6040-1;Kinex 6040-1;8595604706448;41
6040-01;Kinex 6040-01;8595604706431;28
6040-05;Kinex 6040-05;8595604714290;67
7002;Kinex 7002;8595604701597;483
7004;Kinex 7004;8595604701603;530
7006;Kinex 7006;8595604701610;622
7008;Kinex 7008;8595604701627;820
7011;Kinex 7011;8595604701634;984
7013;Kinex 7013;8595604701641;1065
7015;Kinex 7015;8595604701658;1188
7017;Kinex 7017;8595604701665;1286
7019;Kinex 7019;8595604701672;1494
7021;Kinex 7021;8595604701689;1644
7023;Kinex 7023;8595604701696;1715
7025;Kinex 7025;8595604701702;1797
7025-0;Kinex 7025-0;8595604706837;4214
7026-0;Kinex 7026-0;8595604706844;4528
7026;Kinex 7026;8595604701719;4472
7027;Kinex 7027;8595604701726;4741
7027-1;Kinex 7027-1;8595604706851;5965
7027-2;Kinex 7027-2;8595604706868;9378
7027-3;Kinex 7027-3;8595604706875;10781
7027-4;Kinex 7027-4;8595604706882;12578
7027-5;Kinex 7027-5;8595604706899;14683
7002-02-025;Kinex 7002-02-025;8595604716072;698
7028-31;Kinex 7028-31;8595604706905;1987
7028-32;Kinex 7028-32;8595604706912;2284
7028-33;Kinex 7028-33;8595604706929;2877
7028-34;Kinex 7028-34;8595604706936;3335
7028-35;Kinex 7028-35;8595604706943;3445
7028-36;Kinex 7028-36;8595604714306;4467
7028-37;Kinex 7028-37;8595604714313;4927
7028-38;Kinex 7028-38;8595604714320;5427
7028-41;Kinex 7028-41;8595604706950;378
7028-42;Kinex 7028-42;8595604706967;378
7028-43;Kinex 7028-43;8595604706974;378
7028-44;Kinex 7028-44;8595604706981;378
7028-45;Kinex 7028-45;8595604706998;378
7028-46;Kinex 7028-46;8595604714504;378
7070-02-025;Kinex 7070-02-025;8595604701733;2404
7070-02-050;Kinex 7070-02-050;8595604701740;2627
7070-02-075;Kinex 7070-02-075;8595604701757;3184
7070-02-100;Kinex 7070-02-100;8595604701764;3490
7070-02-025;Kinex 7070-02-025;8595604701771;4073
7070-02-050;Kinex 7070-02-050;8595604701788;4326
7070-02-075;Kinex 7070-02-075;8595604701795;4659
7070-02-100;Kinex 7070-02-100;8595604711787;5022
7031-02-025;Kinex 7031-02-025;8595604715853;2404
7031-02-050;Kinex 7031-02-050;8595604715860;2627
7031-02-075;Kinex 7031-02-075;8595604715877;3184
7031-02-100;Kinex 7031-02-100;8595604715884;3490
7031-02-125;Kinex 7031-02-125;8595604714894;4073
7031-02-150;Kinex 7031-02-150;8595604714917;4326
7031-02-175;Kinex 7031-02-175;8595604714900;4659
7031-02-200;Kinex 7031-02-200;8595604714924;5022
7030-05-025;Kinex 7030-05-025;8595604714580;3386
7030-05-050;Kinex 7030-05-050;8595604714597;3778
7030-05-075;Kinex 7030-05-075;8595604714603;4263
7030-05-100;Kinex 7030-05-100;8595604714610;4781
7040-1;Kinex 7040-1;8595604707001;3184
7040-05-010;Kinex 7040-05-010;8595604717239;5652
7040-15-010;Kinex 7040-15-010;8595604717246;7069
7041;Kinex 7041;8595604701801;974
7043;Kinex 7043;8595604701818;1038
7051;Kinex 7051;8595604701825;1574
7052;Kinex 7052;8595604701832;1704
7053;Kinex 7053;8595604701849;1955
7054;Kinex 7054;8595604701856;2353
7055;Kinex 7055;8595604701863;2549
7056;Kinex 7056;8595604701870;3075
7057;Kinex 7057;8595604701887;3530
7058;Kinex 7058;8595604701894;3707
7075-02-025;Kinex 7075-02-025;8595604715891;4326
7075-02-050;Kinex 7075-02-050;8595604715907;4725
7075-02-075;Kinex 7075-02-075;8595604715914;5168
7075-02-100;Kinex 7075-02-100;8595604715921;5919
7075-02-125;Kinex 7075-02-125;8595604715938;6402
7075-02-150;Kinex 7075-02-150;8595604715945;7129
7075-02-175;Kinex 7075-02-175;8595604715952;7903
7075-05-025;Kinex 7075-05-025;8595604717253;7152
7075-05-050;Kinex 7075-05-050;8595604717260;7535
7075-05-075;Kinex 7075-05-075;8595604717277;8205
7075-05-100;Kinex 7075-05-100;8595604717284;8858
7075-05-125;Kinex 7075-05-125;8595604717291;9501
7075-05-150;Kinex 7075-05-150;8595604717307;9990
7075-05-175;Kinex 7075-05-175;8595604717314;10716
7070-02-025;Kinex 7070-02-025;8595604707018;4326
7070-02-050;Kinex 7070-02-050;8595604707025;4725
7070-02-075;Kinex 7070-02-075;8595604707032;5168
7070-02-100;Kinex 7070-02-100;8595604707049;5919
7070-02-025;Kinex 7070-02-025;8595604714337;4326
7070-02-050;Kinex 7070-02-050;8595604714344;4725
7070-02-075;Kinex 7070-02-075;8595604714351;5168
7070-02-100;Kinex 7070-02-100;8595604714368;5919
7095;Kinex 7095;8595604701948;2110
7096;Kinex 7096;8595604701955;2419
7097;Kinex 7097;8595604701962;2539
7098;Kinex 7098;8595604701979;2796
7098-1;Kinex 7098-1;8595604711831;3833
7098-2;Kinex 7098-2;8595604711848;4379
7098-3;Kinex 7098-3;8595604711855;4812
7098-4;Kinex 7098-4;8595604711862;5175
7098-5;Kinex 7098-5;8595604711879;6620
7098-6;Kinex 7098-6;8595604711886;7029
7098-7;Kinex 7098-7;8595604711893;7537
7098-8;Kinex 7098-8;8595604711909;8066
7100-10;Kinex 7100-10;8595604707315;4994
7100-11;Kinex 7100-11;8595604707322;5088
7100-12;Kinex 7100-12;8595604707339;5317
7100-13;Kinex 7100-13;8595604707346;5545
7089-03-012;Kinex 7089-03-012;8595604707056;17651
7089-03-020;Kinex 7089-03-020;8595604707063;12076
7089-03-040;Kinex 7089-03-040;8595604707070;18572
7089-03-100;Kinex 7089-03-100;8595604707087;38445
7089-03-003;Kinex 7089-03-003;8595604715020;18817
7089-03-006;Kinex 7089-03-006;8595604715037;24182
7089-03-012;Kinex 7089-03-012;8595604716034;17452
7089-03-020;Kinex 7089-03-020;8595604716041;8205
7089-03-040;Kinex 7089-03-040;8595604716058;18572
7089-03-100;Kinex 7089-03-100;8595604716065;38445
7089-02-008;Kinex 7089-02-008;8595604712531;7890
7089-02-010;Kinex 7089-02-010;8595604712548;7890
7089-02-012;Kinex 7089-02-012;8595604712555;7890
7089-02-016;Kinex 7089-02-016;8595604712562;7380
7089-02-016;Kinex 7089-02-016;8595604712579;7380
7089-02-020;Kinex 7089-02-020;8595604712586;7380
7089-02-025;Kinex 7089-02-025;8595604712593;7386
7089-02-030;Kinex 7089-02-030;8595604712609;7386
7089-02-040;Kinex 7089-02-040;8595604712616;7386
7089-02-040;Kinex 7089-02-040;8595604714702;7386
7089-02-050;Kinex 7089-02-050;8595604707094;8124
7089-02-063;Kinex 7089-02-063;8595604707100;8124
7089-02-075;Kinex 7089-02-075;8595604707117;8291
7089-02-088;Kinex 7089-02-088;8595604707124;8291
7089-02-088;Kinex 7089-02-088;8595604707131;8826
7089-02-100;Kinex 7089-02-100;8595604707148;8826
7089-02-125;Kinex 7089-02-125;8595604707155;12226
7089-02-150;Kinex 7089-02-150;8595604707162;12226
7089-02-175;Kinex 7089-02-175;8595604707179;12204
7089-02-200;Kinex 7089-02-200;8595604707186;12677
7089-02-225;Kinex 7089-02-225;8595604707193;16110
7089-02-250;Kinex 7089-02-250;8595604707209;20220
7089-02-275;Kinex 7089-02-275;8595604707216;24409
7089-02-300;Kinex 7089-02-300;8595604707223;29537
7089-02-002;Kinex 7089-02-002;8595604715204;10604
7089-02-003;Kinex 7089-02-003;8595604715211;10604
7089-02-004;Kinex 7089-02-004;8595604715228;9664
7089-02-005;Kinex 7089-02-005;8595604715235;9664
7089-02-006;Kinex 7089-02-006;8595604715242;9664
7089-02-008;Kinex 7089-02-008;8595604715259;7890
7089-02-010;Kinex 7089-02-010;8595604715266;7890
7089-02-012;Kinex 7089-02-012;8595604715273;7890
7089-02-016;Kinex 7089-02-016;8595604715280;7380
7089-02-020;Kinex 7089-02-020;8595604715297;7380
7089-02-025;Kinex 7089-02-025;8595604715303;7386
7089-02-030;Kinex 7089-02-030;8595604715310;7386
7089-02-040;Kinex 7089-02-040;8595604715327;7386
7089-02-050;Kinex 7089-02-050;8595604715334;8124
7089-02-063;Kinex 7089-02-063;8595604715341;8124
7089-02-075;Kinex 7089-02-075;8595604715358;8455
7089-02-088;Kinex 7089-02-088;8595604715365;8846
7089-02-100;Kinex 7089-02-100;8595604715372;9047
7089-02-125;Kinex 7089-02-125;8595604715389;12226
7089-02-150;Kinex 7089-02-150;8595604715396;12226
7089-02-175;Kinex 7089-02-175;8595604715402;12204
7089-02-200;Kinex 7089-02-200;8595604715419;12677
7089-02-225;Kinex 7089-02-225;8595604715426;18526
7089-02-250;Kinex 7089-02-250;8595604715433;20220
7089-02-275;Kinex 7089-02-275;8595604715440;24409
7089-02-300;Kinex 7089-02-300;8595604715457;29537
7090-1;Kinex 7090-1;8595604707230;22499
7090-2;Kinex 7090-2;8595604707247;15920
7090-3;Kinex 7090-3;8595604707254;32057
7090-4;Kinex 7090-4;8595604707261;37175
7090-50;Kinex 7090-50;8595604707278;13613
7090-51;Kinex 7090-51;8595604707285;15653
7090-52;Kinex 7090-52;8595604707292;18057
7090-53;Kinex 7090-53;8595604707308;21104
7110-0;Kinex 7110-0;8595604707353;3505
7110-1;Kinex 7110-1;8595604707360;2017
7110-2;Kinex 7110-2;8595604707377;1629
7110-3;Kinex 7110-3;8595604707384;1799
7110-4;Kinex 7110-4;8595604707391;2312
7110-5;Kinex 7110-5;8595604707407;2416
7110-6;Kinex 7110-6;8595604707414;2897
7110-7;Kinex 7110-7;8595604707421;3530
7110-80;Kinex 7110-80;8595604707438;5268
7110-81;Kinex 7110-81;8595604707445;4296
7110-82;Kinex 7110-82;8595604707452;3453
7110-83;Kinex 7110-83;8595604707469;4049
7110-84;Kinex 7110-84;8595604707476;4153
7110-85;Kinex 7110-85;8595604707483;4153
7110-86;Kinex 7110-86;8595604707490;4582
7110-87;Kinex 7110-87;8595604707506;4657
7110-90;Kinex 7110-90;8595604707513;4902
7110-91;Kinex 7110-91;8595604707520;3789
7110-92;Kinex 7110-92;8595604707537;3590
7110-93;Kinex 7110-93;8595604707544;3620
7110-94;Kinex 7110-94;8595604707551;3747
7110-95;Kinex 7110-95;8595604707568;4127
7126;Kinex 7126;8595604702013;5058
7126-1;Kinex 7126-1;8595604707599;6069
7126-2;Kinex 7126-2;8595604707605;7081
7126-3;Kinex 7126-3;8595604707612;8092
7126-02-025;Kinex 7126-02-025;8595604714405;8822
7126-02-050;Kinex 7126-02-050;8595604714412;9676
7126-02-075;Kinex 7126-02-075;8595604714429;10318
7126-02-100;Kinex 7126-02-100;8595604714436;11065
7103;Kinex 7103;8595604701986;2128
7103-02-025;Kinex 7103-02-025;8595604714443;4825
7120;Kinex 7120;8595604701993;652
7120-02-025;Kinex 7120-02-025;8595604714863;860
7125-12;Kinex 7125-12;8595604707575;1828
7125;Kinex 7125;8595604702006;4248
7125-3;Kinex 7125-3;8595604707582;28448
7125-1;Kinex 7125-1;8595604711916;1223
7125-2;Kinex 7125-2;8595604712784;1606
7099;Kinex 7099;8595604712890;4006
8001;Kinex 8001;8595604702020;83
8002;Kinex 8002;8595604702037;96
8003;Kinex 8003;8595604702044;134
8002-02-003;Kinex 8002-02-003;8595604714788;359
8002-02-005;Kinex 8002-02-005;8595604714795;613
8002-02-008;Kinex 8002-02-008;8595604714801;940
8002-02-010;Kinex 8002-02-010;8595604714818;1110
8001-3;Kinex 8001-3;8595604711510;192
8002-3;Kinex 8002-3;8595604711527;197
8003-3;Kinex 8003-3;8595604711534;287
8004-3;Kinex 8004-3;8595604711541;522
8001-2;Kinex 8001-2;8595604710391;28
8002-2;Kinex 8002-2;8595604710407;31
8003-2;Kinex 8003-2;8595604710414;50
8004-2;Kinex 8004-2;8595604713231;91
8004-2-1;Kinex 8004-2-1;8595604717505;143
8039-2;Kinex 8039-2;8595604717390;235
8039-3;Kinex 8039-3;8595604717406;275
8039-5;Kinex 8039-5;8595604717413;358
8040-1;Kinex 8040-1;8595604713163;105
8040-2;Kinex 8040-2;8595604713170;115
8040-3;Kinex 8040-3;8595604713187;171
8040-4;Kinex 8040-4;8595604713194;266
8041-2;Kinex 8041-2;8595604713248;91
8042-2;Kinex 8042-2;8595604713255;131
8043-2;Kinex 8043-2;8595604713262;190
8040;Kinex 8040;8595604709982;34
8041;Kinex 8041;8595604709999;45
8042;Kinex 8042;8595604710001;64
8042-1;Kinex 8042-1;8595604714511;81
8043;Kinex 8043;8595604710018;131
8041-11;Kinex 8041-11;8595604713200;103
8041-12;Kinex 8041-12;8595604713217;119
8044-10;Kinex 8044-10;8595604709937;50
8044-11;Kinex 8044-11;8595604709944;70
8044-12;Kinex 8044-12;8595604709951;114
8044-13;Kinex 8044-13;8595604709968;149
8044-14;Kinex 8044-14;8595604709975;255
8044-15;Kinex 8044-15;8595604713279;34
8044-16;Kinex 8044-16;8595604713286;47
8044-17;Kinex 8044-17;8595604713293;65
8044-20;Kinex 8044-20;8595604713309;44
8044-21;Kinex 8044-21;8595604713316;74
8044-22;Kinex 8044-22;8595604713323;110
8005;Kinex 8005;8595604712791;388
8010;Kinex 8010;8595604710377;779
8011;Kinex 8011;8595604711633;1058
8012;Kinex 8012;8595604712036;1168
8013;Kinex 8013;8595604711640;1231
8014;Kinex 8014;8595604709838;1608
8010-02-030;Kinex 8010-02-030;8595604714825;3025
8010-02-050;Kinex 8010-02-050;8595604714832;3900
8017;Kinex 8017;8595604712067;841
8018;Kinex 8018;8595604712074;1051
8019;Kinex 8019;8595604712081;1204
8020;Kinex 8020;8595604712098;1312
8021;Kinex 8021;8595604712104;1632
8050;Kinex 8050;8595604710025;74
8051;Kinex 8051;8595604710032;122
8052;Kinex 8052;8595604710049;174
8053;Kinex 8053;8595604710056;277
8044-35-010;Kinex 8044-35-010;8595604716096;162
8044-35-020;Kinex 8044-35-020;8595604716102;240
8044-35-030;Kinex 8044-35-030;8595604716119;300
8044-35-050;Kinex 8044-35-050;8595604716126;397
8045;Kinex 8045;8595604710063;350
8046;Kinex 8046;8595604710070;479
8047;Kinex 8047;8595604710087;595
8048;Kinex 8048;8595604710094;816
8054-0;Kinex 8054-0;8595604710100;650
8054-1;Kinex 8054-1;8595604710117;866
8054;Kinex 8054;8595604710124;1707
8055;Kinex 8055;8595604710131;318
8055-1;Kinex 8055-1;8595604710148;471
8055-2;Kinex 8055-2;8595604710155;576
8055-3;Kinex 8055-3;8595604717376;1182
8055-5;Kinex 8055-5;8595604717383;1313
8002-10;Kinex 8002-10;8595604710582;108
8057;Kinex 8057;8595604702051;1060
8057-1;Kinex 8057-1;8595604707629;1465
1054;Kinex 1054;8595604700323;1951
1055;Kinex 1055;8595604700330;2658
1056;Kinex 1056;8595604700347;2833
8060;Kinex 8060;8595604710162;24
8065;Kinex 8065;8595604710179;41
8067;Kinex 8067;8595604713156;138
8070;Kinex 8070;8595604710186;33
8071;Kinex 8071;8595604710193;64
1070-02-030;Kinex 1070-02-030;8595604716133;38
1070-02-050;Kinex 1070-02-050;8595604716140;42
1070-02-100;Kinex 1070-02-100;8595604716157;108
1072;Kinex 1072;8595604710223;829
1072-2;Kinex 1072-2;8595604710230;681
8073;Kinex 8073;8595604713224;12
8074;Kinex 8074;8595604714689;30
5037;Kinex 5037;8595604709531;701
5037-1;Kinex 5037-1;8595604709845;363
5037-03-200;Kinex 5037-03-200;8595604715129;536
4065;Kinex 4065;8595604710292;81
4066;Kinex 4066;8595604710308;114
4067;Kinex 4067;8595604710315;127
9001;Kinex 9001;8595604710261;88
9002;Kinex 9002;8595604710254;129
9003;Kinex 9003;8595604710285;154
9030;Kinex 9030;8595604709883;7
9031;Kinex 9031;8595604709890;10
9033;Kinex 9033;8595604709906;16
9035;Kinex 9035;8595604709913;10
9038;Kinex 9038;8595604709920;15
6050;Kinex 6050;8595604710322;96
9040-700;Kinex 9040-700;8595604707667;2419
9040-02-050;Kinex 9040-02-050;8595604714450;2528
9040-02-060;Kinex 9040-02-060;8595604714467;2646
9040-02-070;Kinex 9040-02-070;8595604714474;2760
9040-02-080;Kinex 9040-02-080;8595604714481;2889
9040-02-100;Kinex 9040-02-100;8595604714498;4086
9040-935;Kinex 9040-935;8595604707742;2396
9040-900;Kinex 9040-900;8595604707674;6123
9040-13;Kinex 9040-13;8595604707636;1358
9040-14;Kinex 9040-14;8595604707643;2782
91003;Kinex 91003;8595604702082;1102
91004;Kinex 91004;8595604702099;1102
91005;Kinex 91005;8595604702105;1102
91006;Kinex 91006;8595604702112;1054
91007;Kinex 91007;8595604702129;1054
91008;Kinex 91008;8595604702136;1054
91009;Kinex 91009;8595604702143;1054
91010;Kinex 91010;8595604702150;1054
91011;Kinex 91011;8595604702167;1054
91012;Kinex 91012;8595604702174;1054
91013;Kinex 91013;8595604702181;1054
91014;Kinex 91014;8595604702198;1054
91015;Kinex 91015;8595604702204;1054
91016;Kinex 91016;8595604702211;1054
91017;Kinex 91017;8595604702228;1054
91018;Kinex 91018;8595604702235;1054
91019;Kinex 91019;8595604702242;1054
91020;Kinex 91020;8595604702259;1054
91022;Kinex 91022;8595604702266;1054
91024;Kinex 91024;8595604702273;1054
91025;Kinex 91025;8595604702280;1054
91026;Kinex 91026;8595604702297;1102
91028;Kinex 91028;8595604702303;1102
91030;Kinex 91030;8595604702310;1182
91032;Kinex 91032;8595604702327;1182
91034;Kinex 91034;8595604702334;1303
91036;Kinex 91036;8595604702341;1369
91038;Kinex 91038;8595604702358;1369
91040;Kinex 91040;8595604702365;1369
91042;Kinex 91042;8595604702372;1562
91044;Kinex 91044;8595604702389;1562
91045;Kinex 91045;8595604702396;1562
91046;Kinex 91046;8595604702402;1641
91050;Kinex 91050;8595604702419;1641
91055;Kinex 91055;8595604702426;1949
91060;Kinex 91060;8595604702433;1964
91065;Kinex 91065;8595604702440;2176
91070;Kinex 91070;8595604702457;2316
91075;Kinex 91075;8595604702464;2368
91080;Kinex 91080;8595604702471;2610
91085;Kinex 91085;8595604702488;3021
91090;Kinex 91090;8595604702495;3292
91095;Kinex 91095;8595604702501;3462
91100;Kinex 91100;8595604702518;3663
91112,5;Kinex 91112,5;8595604717420;8120
91125;Kinex 91125;8595604702525;7168
91137,5;Kinex 91137,5;8595604717437;12084
91150;Kinex 91150;8595604712128;10177
91162,5;Kinex 91162,5;8595604717444;19865
91175;Kinex 91175;8595604702532;14516
91187,5;Kinex 91187,5;8595604717451;25117
91200;Kinex 91200;8595604712111;19099
91225;Kinex 91225;8595604702549;22060
91250;Kinex 91250;8595604712135;24054
91275;Kinex 91275;8595604702556;27200
92002H7;Kinex 92002H7;8595604707797;491
92003H7;Kinex 92003H7;8595604707803;491
92004H7;Kinex 92004H7;8595604707810;491
92005H7;Kinex 92005H7;8595604707827;491
92006H7;Kinex 92006H7;8595604707834;491
92007H7;Kinex 92007H7;8595604707841;491
92008H7;Kinex 92008H7;8595604707858;491
92009H7;Kinex 92009H7;8595604707865;491
92010H7;Kinex 92010H7;8595604707872;491
92011H7;Kinex 92011H7;8595604707889;491
92012H7;Kinex 92012H7;8595604707896;491
92013H7;Kinex 92013H7;8595604707902;491
92014H7;Kinex 92014H7;8595604707919;491
92015H7;Kinex 92015H7;8595604707926;537
92016H7;Kinex 92016H7;8595604707933;537
92017H7;Kinex 92017H7;8595604707940;537
92018H7;Kinex 92018H7;8595604707957;537
92019H7;Kinex 92019H7;8595604707964;639
92020H7;Kinex 92020H7;8595604707971;639
92021H7;Kinex 92021H7;8595604707988;639
92022H7;Kinex 92022H7;8595604707995;639
92023H7;Kinex 92023H7;8595604708008;639
92024H7;Kinex 92024H7;8595604708015;639
92025H7;Kinex 92025H7;8595604708022;741
92026H7;Kinex 92026H7;8595604708039;741
92027H7;Kinex 92027H7;8595604708046;741
92028H7;Kinex 92028H7;8595604708053;741
92030H7;Kinex 92030H7;8595604708060;741
92032H7;Kinex 92032H7;8595604708077;852
92033H7;Kinex 92033H7;8595604708084;852
92034H7;Kinex 92034H7;8595604708091;852
92035H7;Kinex 92035H7;8595604708107;852
92036H7;Kinex 92036H7;8595604708114;852
92037H7;Kinex 92037H7;8595604708121;852
92038H7;Kinex 92038H7;8595604708138;852
92040H7;Kinex 92040H7;8595604708145;1141
92042H7;Kinex 92042H7;8595604708152;1141
92044H7;Kinex 92044H7;8595604708169;1141
92045H7;Kinex 92045H7;8595604708176;1291
92046H7;Kinex 92046H7;8595604708183;1291
92047H7;Kinex 92047H7;8595604708190;1291
92048H7;Kinex 92048H7;8595604708206;1291
92050H7;Kinex 92050H7;8595604708213;1291
92052H7;Kinex 92052H7;8595604708220;1877
92055H7;Kinex 92055H7;8595604708237;1877
92060H7;Kinex 92060H7;8595604708244;1877
92065H7;Kinex 92065H7;8595604708251;2093
92070H7;Kinex 92070H7;8595604708268;2093
92075H7;Kinex 92075H7;8595604708275;2937
92080H7;Kinex 92080H7;8595604708282;2937
92085H7;Kinex 92085H7;8595604708299;3210
92090H7;Kinex 92090H7;8595604708305;3210
92095H7;Kinex 92095H7;8595604708312;3457
92100H7;Kinex 92100H7;8595604708329;3614
93002-6H;Kinex 93002-6H;8595604708343;1133
93002-5-6H;Kinex 93002-5-6H;8595604708336;979
93003-6H;Kinex 93003-6H;8595604708350;937
93003-5-6H;Kinex 93003-5-6H;8595604710605;871
93004-6H;Kinex 93004-6H;8595604708367;826
93005-6H;Kinex 93005-6H;8595604708374;812
93006-6H;Kinex 93006-6H;8595604708381;812
93008-6H;Kinex 93008-6H;8595604708398;812
93010-6H;Kinex 93010-6H;8595604708404;864
93012-6H;Kinex 93012-6H;8595604708411;921
93014-6H;Kinex 93014-6H;8595604708428;996
93016-6H;Kinex 93016-6H;8595604708435;1078
93018-6H;Kinex 93018-6H;8595604708442;1163
93020-6H;Kinex 93020-6H;8595604708459;1226
93022-6H;Kinex 93022-6H;8595604708466;1358
93024-6H;Kinex 93024-6H;8595604708473;1358
93027-6H;Kinex 93027-6H;8595604708480;1358
93030-6H;Kinex 93030-6H;8595604708497;1544
93033-6H;Kinex 93033-6H;8595604708503;1544
93036-6H;Kinex 93036-6H;8595604708527;1929
93042-6H;Kinex 93042-6H;8595604708534;2356
93045-6H;Kinex 93045-6H;8595604708541;2356
93048-6H;Kinex 93048-6H;8595604708558;2526
93301;Kinex 93301;8595604702563;1620
93302;Kinex 93302;8595604702570;1427
93303;Kinex 93303;8595604702587;1568
93304;Kinex 93304;8595604702594;1799
93305;Kinex 93305;8595604702600;2061
93306;Kinex 93306;8595604702617;2201
93307;Kinex 93307;8595604702624;2395
93308;Kinex 93308;8595604702631;2611
93309;Kinex 93309;8595604702648;2853
93310;Kinex 93310;8595604702655;2939
93311;Kinex 93311;8595604702662;3375
93312;Kinex 93312;8595604702679;3505
93313;Kinex 93313;8595604702686;4185
93314;Kinex 93314;8595604702693;4694
93315;Kinex 93315;8595604702709;5369
93316;Kinex 93316;8595604702716;6206
93317;Kinex 93317;8595604702723;7134
93318;Kinex 93318;8595604702730;7416
94002-6gD;Kinex 94002-6gD;8595604708589;1227
94002-5-6gD;Kinex 94002-5-6gD;8595604708565;974
94003-6gD;Kinex 94003-6gD;8595604708626;862
94003-5-6gD;Kinex 94003-5-6gD;8595604708602;911
94004-6gD;Kinex 94004-6gD;8595604708640;783
94005-6gD;Kinex 94005-6gD;8595604708664;783
94006-6gD;Kinex 94006-6gD;8595604708688;783
94008-6gD;Kinex 94008-6gD;8595604708701;812
94010-6gD;Kinex 94010-6gD;8595604708725;929
94012-6gD;Kinex 94012-6gD;8595604708749;1060
94014-6gD;Kinex 94014-6gD;8595604708763;1137
94016-6gD;Kinex 94016-6gD;8595604708787;1154
94018-6gD;Kinex 94018-6gD;8595604708800;1274
94020-6gD;Kinex 94020-6gD;8595604708824;1369
94022-6gD;Kinex 94022-6gD;8595604708848;1487
94024-6gD;Kinex 94024-6gD;8595604708862;1604
94027-6gD;Kinex 94027-6gD;8595604708886;1769
94030-6gD;Kinex 94030-6gD;8595604708909;1935
94033-6gD;Kinex 94033-6gD;8595604708923;2288
94036-6gD;Kinex 94036-6gD;8595604708947;2524
94042-6gD;Kinex 94042-6gD;8595604708961;2973
94045-6gD;Kinex 94045-6gD;8595604708985;3115
94048-6gD;Kinex 94048-6gD;8595604709005;3303
94301D;Kinex 94301D;8595604709029;1203
94302D;Kinex 94302D;8595604709043;1101
94303D;Kinex 94303D;8595604709067;1302
94304D;Kinex 94304D;8595604709081;1583
94305D;Kinex 94305D;8595604709104;1885
94306D;Kinex 94306D;8595604709128;2022
94307D;Kinex 94307D;8595604709142;2202
94308D;Kinex 94308D;8595604709166;2465
94309D;Kinex 94309D;8595604709180;2724
94310D;Kinex 94310D;8595604709203;3084
94311D;Kinex 94311D;8595604710612;3406
94312D;Kinex 94312D;8595604709234;3849
94313D;Kinex 94313D;8595604709258;4148
94314D;Kinex 94314D;8595604709272;4711
94315D;Kinex 94315D;8595604709296;5072
94316D;Kinex 94316D;8595604709319;5793
94317D;Kinex 94317D;8595604709333;6252
94318D;Kinex 94318D;8595604709357;6774
94002-6gZ;Kinex 94002-6gZ;8595604708596;1227
94002-5-6gZ;Kinex 94002-5-6gZ;8595604708572;974
94003-6gZ;Kinex 94003-6gZ;8595604708633;862
94003-5-6gZ;Kinex 94003-5-6gZ;8595604708619;911
94004-6gZ;Kinex 94004-6gZ;8595604708657;783
94005-6gZ;Kinex 94005-6gZ;8595604708671;783
94006-6gZ;Kinex 94006-6gZ;8595604708695;783
94008-6gZ;Kinex 94008-6gZ;8595604708718;812
94010-6gZ;Kinex 94010-6gZ;8595604708732;929
94012-6gZ;Kinex 94012-6gZ;8595604708756;1060
94014-6gZ;Kinex 94014-6gZ;8595604708770;1137
94016-6gZ;Kinex 94016-6gZ;8595604708794;1154
94018-6gZ;Kinex 94018-6gZ;8595604708817;1274
94020-6gZ;Kinex 94020-6gZ;8595604708831;1369
94022-6gZ;Kinex 94022-6gZ;8595604708855;1487
94024-6gZ;Kinex 94024-6gZ;8595604708879;1604
94027-6gZ;Kinex 94027-6gZ;8595604708893;1769
94030-6gZ;Kinex 94030-6gZ;8595604708916;1935
94033-6gZ;Kinex 94033-6gZ;8595604708930;2288
94036-6gZ;Kinex 94036-6gZ;8595604708954;2524
94042-6gZ;Kinex 94042-6gZ;8595604708978;2973
94045-6gZ;Kinex 94045-6gZ;8595604708992;3115
94048-6gZ;Kinex 94048-6gZ;8595604709012;3303
94301Z;Kinex 94301Z;8595604709036;1062
94302Z;Kinex 94302Z;8595604709050;991
94303Z;Kinex 94303Z;8595604709074;1171
94304Z;Kinex 94304Z;8595604709098;1424
94305Z;Kinex 94305Z;8595604709111;1696
94306Z;Kinex 94306Z;8595604709135;1819
94307Z;Kinex 94307Z;8595604709159;1982
94308Z;Kinex 94308Z;8595604709173;2218
94309Z;Kinex 94309Z;8595604709197;2451
94310Z;Kinex 94310Z;8595604709210;2744
94311Z;Kinex 94311Z;8595604709227;3065
94312Z;Kinex 94312Z;8595604709241;3463
94313Z;Kinex 94313Z;8595604709265;3733
94314Z;Kinex 94314Z;8595604709289;4239
94315Z;Kinex 94315Z;8595604709302;4564
94316Z;Kinex 94316Z;8595604709326;5214
94317Z;Kinex 94317Z;8595604709340;5627
94318Z;Kinex 94318Z;8595604709364;6096